<?xml version="1.0" encoding="UTF-8"?>
<beans xmlns="http://www.springframework.org/schema/beans"
	xmlns:context="http://www.springframework.org/schema/context"
	xmlns:xsi="http://www.w3.org/2001/XMLSchema-instance" xmlns:tx="http://www.springframework.org/schema/tx"
	xmlns:aop="http://www.springframework.org/schema/aop"
	xsi:schemaLocation="
        http://www.springframework.org/schema/beans     
        http://www.springframework.org/schema/beans/spring-beans-4.0.xsd
        http://www.springframework.org/schema/context
        http://www.springframework.org/schema/context/spring-context-4.0.xsd
        http://www.springframework.org/schema/aop
        http://www.springframework.org/schema/aop/spring-aop-4.0.xsd
        http://www.springframework.org/schema/tx
        http://www.springframework.org/schema/tx/spring-tx-4.0.xsd
        ">
	<bean id="dataSource"
		class="org.springframework.jdbc.datasource.DriverManagerDataSource">
		<property name="driverClassName" value="org.postgresql.Driver" />
		<property name="url" value="jdbc:postgresql://localhost:5432/dududb" />
		<property name="username" value="admin" />
		<property name="password" value="password" />
	</bean>

	<context:component-scan base-package="com.dudu.app" />
	<bean id="sessionFactory"
		class="org.springframework.orm.hibernate5.LocalSessionFactoryBean">
		<property name="dataSource" ref="dataSource" />
		<property name="packagesToScan">
			<list>
				<value>com.dudu.app.entity</value>
			</list>
		</property>
		<property name="hibernateProperties">
		  <props>
             <prop key="hibernate.hbm2ddl.auto">update</prop>
             <prop key="hibernate.dialect">org.hibernate.dialect.PostgreSQLDialect</prop>
             <prop key="show_sql">true</prop>
             <prop key="format_sql">true</prop>
         </props>
		</property>
	</bean>

	<bean id="transactionManager"
		class="org.springframework.orm.hibernate5.HibernateTransactionManager">
		<property name="sessionFactory" ref="sessionFactory" />
	</bean>
<!-- 
	<bean id="persistenceExceptionTranslationPostProcessor"
		class="org.springframework.dao.annotation.PersistenceExceptionTranslationPostProcessor" />	 -->
		
		    <!-- similarly, don't forget the PlatformTransactionManager -->
    <bean id="txManager" class="org.springframework.jdbc.datasource.DataSourceTransactionManager">
        <property name="dataSource" ref="dataSource"/>
    </bean>
		
		<!-- 
	<tx:advice id="txAdvice" transaction-manager="txManager">
		<tx:attributes>
            <tx:method name="get*" read-only="true"/>
            <tx:method name="*"/>
		</tx:attributes>
	</tx:advice>



	<aop:config expose-proxy="true">
		<aop:pointcut id="txPointcut"
			expression="execution(* com.dudu.app.dao.impl..*.*(..))" />
		<aop:advisor pointcut-ref="txPointcut" advice-ref="txAdvice" />
	</aop:config>
	-->
	<tx:annotation-driven transaction-manager="transactionManager" />

</beans>