<?xml version="1.0" encoding="UTF-8"?>
<beans xmlns="http://www.springframework.org/schema/beans"
	xmlns:xsi="http://www.w3.org/2001/XMLSchema-instance" xmlns:context="http://www.springframework.org/schema/context"
	xmlns:mvc="http://www.springframework.org/schema/mvc"
	xsi:schemaLocation="http://www.springframework.org/schema/beans   
    http://www.springframework.org/schema/beans/spring-beans.xsd  
    http://www.springframework.org/schema/context  
    http://www.springframework.org/schema/context/spring-context-3.2.xsd  
    http://www.springframework.org/schema/mvc  
    http://www.springframework.org/schema/mvc/spring-mvc-3.2.xsd">

	<context:component-scan base-package="com.dudu.app" />
	<mvc:default-servlet-handler/>
	<mvc:annotation-driven />

	<!-- <mvc:resources mapping="/webjars/**" location="classpath:/META-INF/resources/webjars/"/> -->
	<mvc:resources mapping="/webjars/**" location="/webjars/" />
	<bean id="viewResolver"
		class="org.springframework.web.servlet.view.InternalResourceViewResolver">
		<property name="prefix" value="/WEB-INF/views/"></property>
		<property name="suffix" value=".jsp" />
	</bean>

	<!-- i18n -->
	<bean id="messageSource"
		class="org.springframework.context.support.ReloadableResourceBundleMessageSource">
		<property name="basename" value="classpath:messages" />
		<property name="defaultEncoding" value="UTF-8" />
		<property name="useCodeAsDefaultMessage" value="true" />
	</bean>
	<mvc:interceptors>
		<bean id="localeChangeInterceptor"
			class="org.springframework.web.servlet.i18n.LocaleChangeInterceptor">
			<property name="paramName" value="lang" />
		</bean>
	</mvc:interceptors>
	
	<bean id="localeResolver" class="org.springframework.web.servlet.i18n.SessionLocaleResolver" />

</beans> 